<?xml version="1.0" encoding="UTF-8"?>
<project-private xmlns="http://www.netbeans.org/ns/project-private/1">
    <editor-bookmarks xmlns="http://www.netbeans.org/ns/editor-bookmarks/2" lastBookmarkId="0"/>
    <open-files xmlns="http://www.netbeans.org/ns/projectui-open-files/2">
        <group>
            <file>file:/C:/Users/sofia/OneDrive/Documentos/NetBeansProjects/MOTOR%20TRANSACCIONAL/src/java/web/TransactionServlet.java</file>
            <file>file:/C:/Users/sofia/OneDrive/Documentos/NetBeansProjects/MOTOR%20TRANSACCIONAL/src/java/web/AppStartupListener.java</file>
            <file>file:/C:/Users/sofia/OneDrive/Documentos/NetBeansProjects/MOTOR%20TRANSACCIONAL/src/java/network/SocketClientHandler.java</file>
            <file>file:/C:/Users/sofia/OneDrive/Documentos/NetBeansProjects/MOTOR%20TRANSACCIONAL/src/java/network/SocketServer.java</file>
        </group>
    </open-files>
</project-private>
